"goods","count","percent"
"百货",43,0.254437869822485
"米粮调料",32,0.189349112426035
"西点",21,0.124260355029586
"肉类",16,0.0946745562130177
"果蔬",14,0.0828402366863905
"非酒精饮料",11,0.0650887573964497
"酒精饮料",11,0.0650887573964497
"熟食",9,0.0532544378698225
"零食",8,0.0473372781065089
"食品类",4,0.0236686390532544
