"goods","count","percent"
"热狗",11,0.0859375
"三明治",11,0.0859375
"蛋挞",10,0.078125
"榴莲千层",9,0.0703125
"肉松面包",8,0.0625
"酥皮面包",8,0.0625
"小麦土司",8,0.0625
"汉堡包",6,0.046875
"黑森林蛋糕",6,0.046875
"虎皮蛋糕",6,0.046875
"蒜香芝士面包",6,0.046875
"提拉米苏",6,0.046875
"提子土司",6,0.046875
"法棍",5,0.0390625
"红豆酥皮面包",5,0.0390625
"红豆吐司",5,0.0390625
"牛角面包",5,0.0390625
"芝士蛋糕",4,0.03125
"抹茶蛋糕",3,0.0234375
