"goods","count","persent"
"全脂牛奶",2513,0.330919146694759
"苏打",1715,0.225836186462997
"瓶装水",1087,0.143139320516197
"水果/蔬菜汁",711,0.0936265472741638
"咖啡",571,0.07519094021596
"超高温杀菌的牛奶",329,0.043323676586779
"其他饮料",279,0.0367395312088491
"一般饮料",256,0.0337108243350013
"速溶咖啡",73,0.00961285225177772
"茶",38,0.00500395048722676
"可可饮料",22,0.00289702396628918
